tag,orient_x,orient_y,orient_z,orient_w,P_x,P_y,P_z,pscale
,0.0,0.0,0.0,1.0,0.0,0.0,0.0,0.0
,0.0,0.0,0.0,1.0,0.0,0.0,0.0,0.0
heightfield_scatter1,0.602064311504364,-0.3255542814731598,0.29374101758003235,0.6672699451446533,-266.9541320800781,71.21893310546875,315.5313720703125,1.0
heightfield_scatter1,0.4561762809753418,0.5402806997299194,-0.4561762511730194,0.5402806401252747,411.412353515625,54.617401123046875,-133.36012268066406,1.0
heightfield_scatter1,0.4903080463409424,0.49200841784477234,-0.4063848555088043,0.5936135649681091,180.89163208007812,19.682924270629883,367.67633056640625,1.0
heightfield_scatter1,-0.2387743890285492,0.7008419632911682,-0.6145372986793518,-0.27230730652809143,-90.73654174804688,49.14991760253906,87.35364532470703,1.0
heightfield_scatter1,0.49777841567993164,-0.45181331038475037,0.3427267372608185,0.6562162637710571,-46.462684631347656,38.146522521972656,0.3521442413330078,1.0
heightfield_scatter1,0.5414775013923645,0.0,0.0,0.840715229511261,-174.49607849121094,49.019500732421875,383.2430725097656,1.0
heightfield_scatter1,0.6199551820755005,0.22220651805400848,-0.18913456797599792,0.7283598184585571,137.2088165283203,45.8902473449707,329.5627746582031,1.0
heightfield_scatter1,0.6348823308944702,0.0,0.0,0.7726088166236877,17.87906837463379,0.0,440.5384521484375,1.0
heightfield_scatter1,0.30210554599761963,0.6710268259048462,-0.5798538327217102,0.34960654377937317,-364.54498291015625,53.37968444824219,325.7075500488281,1.0
heightfield_scatter1,0.5829053521156311,0.37042009830474854,-0.33760973811149597,0.639554500579834,203.41957092285156,60.44124984741211,258.797119140625,1.0
heightfield_scatter1,0.4815354347229004,0.5169532299041748,-0.47220706939697266,0.5271655321121216,-356.8403625488281,28.88511848449707,337.6549987792969,1.0
heightfield_scatter1,0.5865256190299988,0.3541717529296875,-0.3166920244693756,0.6559392213821411,366.7024230957031,48.0631103515625,-25.160430908203125,1.0
heightfield_scatter1,0.4734519124031067,-0.5252408385276794,0.47377124428749084,0.5248867273330688,-323.0212097167969,26.414457321166992,359.8547668457031,1.0
heightfield_scatter1,1.0992951615662605e-07,0.7380530834197998,-0.6747426986694336,-1.2024410978028754e-07,-304.1380615234375,46.878662109375,342.3960266113281,1.0
heightfield_scatter1,0.22373813390731812,0.715618371963501,-0.6068027019500732,0.26385992765426636,317.5778503417969,9.474630355834961,-313.71832275390625,1.0
heightfield_scatter1,0.5266847014427185,-0.3425394296646118,0.24424029886722565,0.7386586666107178,-308.1587219238281,27.27391815185547,378.56573486328125,1.0
heightfield_scatter1,0.6367419362068176,-0.1948990374803543,0.17088933289051056,0.7262030839920044,-317.2229919433594,66.98857879638672,247.81602478027344,1.0
heightfield_scatter1,0.5829284191131592,-0.3694160580635071,0.3359578251838684,0.6409825086593628,-40.24928665161133,62.45507049560547,8.396267890930176,1.0
heightfield_scatter1,0.660262942314148,-0.009996085427701473,0.00878931488841772,0.7509165406227112,146.3034210205078,4.349506378173828,387.3013916015625,1.0
heightfield_scatter1,-0.034926388412714005,0.8096479773521423,-0.5838704109191895,-0.048432014882564545,-264.1839294433594,19.063228607177734,-363.55242919921875,1.0
heightfield_scatter1,0.5861550569534302,0.3646416664123535,-0.3326709568500519,0.6424863338470459,-38.79425048828125,8.08622932434082,457.97021484375,1.0
heightfield_scatter1,0.49460604786872864,-0.48190081119537354,0.39221614599227905,0.6077030301094055,-30.158578872680664,71.55814361572266,17.588436126708984,1.0
heightfield_scatter1,0.4865391254425049,-0.4332282245159149,0.30305683612823486,0.6955210566520691,-328.4376220703125,51.17471694946289,244.496826171875,1.0
heightfield_scatter1,0.3526138365268707,0.6420636773109436,-0.5301154851913452,0.42707762122154236,-239.0042266845703,51.01485824584961,373.0381774902344,1.0
heightfield_scatter1,0.5122325420379639,-0.4733700752258301,0.4150833487510681,0.5841612219810486,-453.6318054199219,4.709330081939697,133.9690704345703,1.0
heightfield_scatter1,0.38523542881011963,0.4688505530357361,-0.23818305134773254,0.7583150267601013,161.71926879882812,0.0,384.6573791503906,1.0
heightfield_scatter1,0.5799394249916077,0.3504713475704193,-0.3033987283706665,0.6699174046516418,-128.51458740234375,57.09354019165039,296.5959167480469,1.0
heightfield_scatter1,0.024298205971717834,-0.060495663434267044,0.001473071170039475,0.9978715777397156,-209.01336669921875,22.5488224029541,419.9277648925781,1.0
heightfield_scatter1,0.5698400735855103,0.3345862030982971,-0.27265188097953796,0.6992819905281067,183.6173553466797,68.09367370605469,288.7705078125,1.0
heightfield_scatter1,-0.3419139087200165,0.6578190326690674,-0.48595184087753296,-0.46283888816833496,-106.82791137695312,44.20646667480469,-38.71303939819336,1.0
heightfield_scatter1,-0.1875278204679489,0.7411968111991882,-0.6017536520957947,-0.23098309338092804,-122.81200408935547,43.010887145996094,-20.758092880249023,1.0
heightfield_scatter1,0.540483295917511,0.41744691133499146,-0.35270023345947266,0.6397018432617188,141.2820281982422,32.69866943359375,327.6427917480469,1.0
heightfield_scatter1,0.426676869392395,-0.5499228835105896,0.3886556327342987,0.6037204265594482,-412.6697692871094,22.854999542236328,331.3794860839844,1.0
heightfield_scatter1,0.5440915822982788,0.38410669565200806,-0.3075167238712311,0.6796026825904846,244.5277557373047,2.808781147003174,294.85308837890625,1.0
heightfield_scatter1,0.5757445693016052,0.0,0.0,0.8176296353340149,-13.058752059936523,49.019500732421875,373.6539001464844,1.0
heightfield_scatter1,0.6023713946342468,0.05303407460451126,-0.04016171768307686,0.7954389452934265,54.20577621459961,75.76509094238281,352.8175354003906,1.0
heightfield_scatter1,0.6393428444862366,0.2263631373643875,-0.2050936073064804,0.7056465148925781,153.76734924316406,9.1092529296875,331.9380798339844,1.0
heightfield_scatter1,0.3204077482223511,-0.6691164970397949,0.39643198251724243,0.5407990217208862,241.9405517578125,23.100324630737305,275.6848449707031,1.0
heightfield_scatter1,0.607514500617981,0.29545915126800537,-0.26018399000167847,0.6898798942565918,302.2495422363281,37.41925048828125,120.5479507446289,1.0
heightfield_scatter1,0.5994881987571716,-0.3187350034713745,0.28185826539993286,0.6779216527938843,-271.6717224121094,67.03782653808594,308.86614990234375,1.0
heightfield_scatter1,1.0741631939481522e-07,0.7518655061721802,-0.6593164801597595,-1.2249445546785864e-07,161.7781524658203,17.735034942626953,338.5200500488281,1.0
heightfield_scatter1,0.390707403421402,0.5960890054702759,-0.40835821628570557,0.5703237056732178,328.5609436035156,49.45096206665039,27.919710159301758,1.0
heightfield_scatter1,0.5617638230323792,0.3310699760913849,-0.261320024728775,0.7117063403129578,-86.45230865478516,36.533905029296875,23.63300323486328,1.0
heightfield_scatter1,0.5780922770500183,-0.38340121507644653,0.3530186116695404,0.6278460025787354,-257.8994140625,64.36383056640625,323.11517333984375,1.0
heightfield_scatter1,0.48892101645469666,-0.5099554657936096,0.47619423270225525,0.5235844254493713,-320.4924621582031,34.36384201049805,363.3958740234375,1.0
heightfield_scatter1,0.45822039246559143,-0.5385482311248779,0.45822039246559143,0.5385480523109436,-368.2430419921875,48.14703369140625,148.28997802734375,1.0
heightfield_scatter1,0.49114298820495605,-0.11390500515699387,0.0649636834859848,0.8611526489257812,265.5299377441406,74.51000213623047,-75.5287094116211,1.0
heightfield_scatter1,-0.07332608848810196,0.7542099952697754,-0.6469019651412964,-0.0854891687631607,-125.92717742919922,48.63423156738281,-18.124013900756836,1.0
heightfield_scatter1,0.4220562279224396,0.57061368227005,-0.4340224862098694,0.5548811554908752,395.39019775390625,49.09849548339844,-55.01064682006836,1.0
heightfield_scatter1,0.019231699407100677,0.75021892786026,-0.660548746585846,0.02184210903942585,272.8919372558594,8.499805450439453,-345.6213684082031,1.0
heightfield_scatter1,0.6118683218955994,-0.28201213479042053,0.2478627860546112,0.6961683034896851,255.75625610351562,68.72289276123047,-85.87127685546875,1.0
heightfield_scatter1,0.4931694567203522,-0.4992736577987671,0.4386376440525055,0.5613437294960022,-325.7559509277344,43.570823669433594,255.54757690429688,1.0
heightfield_scatter1,0.47530996799468994,-0.5214025974273682,0.4589577317237854,0.5399792790412903,-338.87237548828125,52.85993194580078,220.73680114746094,1.0
heightfield_scatter1,0.5775686502456665,-0.366553395986557,0.32394322752952576,0.6535395383834839,-375.65472412109375,24.9029598236084,345.4198303222656,1.0
heightfield_scatter1,0.5834186673164368,-0.0040491302497684956,0.0029087220318615437,0.8121563196182251,-212.9622039794922,23.145891189575195,420.5163269042969,1.0
heightfield_scatter1,0.4399225115776062,0.4080962538719177,-0.23476362228393555,0.7647297978401184,308.3259582519531,77.91474914550781,-18.01973533630371,1.0
heightfield_scatter1,0.4901149272918701,0.4997519552707672,-0.4289774000644684,0.5709761381149292,379.49432373046875,78.40677642822266,-100.25605773925781,1.0
heightfield_scatter1,0.6003243923187256,-0.03554937243461609,0.02672591060400009,0.7985190153121948,-396.61212158203125,22.09587860107422,352.6243591308594,1.0
heightfield_scatter1,0.4342259466648102,-0.5648420453071594,0.47413331270217896,0.5172997117042542,-424.8283386230469,21.79391860961914,288.57666015625,1.0
heightfield_scatter1,0.6153008341789246,0.24583153426647186,-0.21043099462985992,0.7188118696212769,395.0081481933594,52.94099807739258,-44.039310455322266,1.0
heightfield_scatter1,0.595749020576477,-0.3546317219734192,0.3297032415866852,0.6407926678657532,-396.0047302246094,43.80574035644531,325.4050598144531,1.0
heightfield_scatter1,0.45522433519363403,-0.541083037853241,0.4552243947982788,0.5410829186439514,-434.5826110839844,0.0,236.09507751464844,1.0
heightfield_scatter1,0.6147171854972839,0.2846126854419708,-0.25333675742149353,0.6906076073646545,131.8389129638672,48.850975036621094,338.8782043457031,1.0
heightfield_scatter1,0.5081599950790405,0.48314210772514343,-0.4340403378009796,0.5656466484069824,416.3418884277344,7.181161880493164,-6.961584091186523,1.0
heightfield_scatter1,0.47192850708961487,-0.5265772342681885,0.4719283878803253,0.5265771150588989,-469.0921630859375,7.005417823791504,45.276344299316406,1.0
heightfield_scatter1,0.061364639550447464,-0.704439103603363,0.06136461719870567,0.7044390439987183,-458.9544372558594,0.0,120.92691802978516,1.0
heightfield_scatter1,0.4914614260196686,0.5033853054046631,-0.4492688775062561,0.5506599545478821,416.4232482910156,6.282693862915039,-7.287919521331787,1.0
,0.0,0.0,0.0,1.0,0.0,0.0,0.0,0.0
,0.0,0.0,0.0,1.0,0.0,0.0,0.0,0.0
heightfield_scatter2,0.0,0.0,0.0,1.0,394.968017578125,21.568498611450195,-205.4195098876953,1.0785863399505615
heightfield_scatter2,0.024865346029400826,-0.8537596464157104,0.04094637185335159,0.5184588432312012,-457.3111877441406,21.637866973876953,24.220348358154297,0.6939651966094971
heightfield_scatter2,0.11762787401676178,0.8820602893829346,-0.309866726398468,0.3348371684551239,-390.419677734375,22.89149284362793,292.89520263671875,1.2718827724456787
heightfield_scatter2,0.22150510549545288,0.6010496020317078,-0.17824366688728333,0.7469297051429749,-414.1269226074219,22.593181610107422,309.2607116699219,1.2347066402435303
heightfield_scatter2,0.019193558022379875,0.706846296787262,-0.019193554297089577,0.7068461775779724,152.2594757080078,49.019500732421875,-51.260799407958984,1.2877891063690186
heightfield_scatter2,0.19460941851139069,-0.10117841511964798,0.020186040550470352,0.975439727306366,-53.816497802734375,50.477333068847656,-92.35525512695312,0.9653705358505249
heightfield_scatter2,0.02598310075700283,0.00541424797847867,-0.0001407285308232531,0.9996476769447327,-44.9236946105957,21.568498611450195,-392.7801208496094,1.4493412971496582
heightfield_scatter2,0.0,0.0,0.0,1.0,-68.00592041015625,52.94099807739258,323.8034362792969,0.8954809904098511
heightfield_scatter2,0.1610647588968277,0.6885189414024353,-0.1610647439956665,0.6885187029838562,-417.1452331542969,21.722179412841797,266.9972229003906,1.4114748239517212
heightfield_scatter2,0.19058889150619507,-0.7184680700302124,0.21632374823093414,0.6329956650733948,-107.86685180664062,22.020751953125,412.78778076171875,0.7316710948944092
heightfield_scatter2,0.1646127998828888,0.3730981647968292,-0.06744813174009323,0.9105773568153381,-357.0796203613281,21.77020263671875,312.85797119140625,0.5201560258865356
heightfield_scatter2,-0.0017108198953792453,0.9557697176933289,-0.2940584719181061,-0.005560471210628748,388.58489990234375,21.915390014648438,-188.1310577392578,0.9329763650894165
heightfield_scatter2,0.009843138977885246,0.8037267923355103,-0.013301296159625053,0.5947684049606323,118.13050842285156,52.94305419921875,-80.93560028076172,0.9915754795074463
heightfield_scatter2,0.1887008249759674,-0.7897434234619141,0.2963525056838989,0.5028643608093262,392.9154357910156,22.825599670410156,-28.412282943725586,1.0676062107086182
heightfield_scatter2,0.06052630394697189,0.9345455765724182,-0.19336755573749542,0.2925236225128174,-425.42767333984375,22.412395477294922,140.2491912841797,0.8738299608230591
heightfield_scatter2,-0.09531211853027344,0.8928192257881165,-0.22484910488128662,-0.37846043705940247,-340.035400390625,21.904861450195312,253.76332092285156,0.9836093187332153
heightfield_scatter2,0.003160954685881734,0.9406625628471375,-0.3392154574394226,0.008765410631895065,-213.9800262451172,22.433504104614258,408.07305908203125,1.2586020231246948
heightfield_scatter2,0.041117072105407715,0.0,0.0,0.9991543292999268,100.56346893310547,21.568498611450195,376.7908935546875,1.4555331468582153
heightfield_scatter2,0.14264418184757233,0.07525859028100967,-0.010878258384764194,0.986848771572113,144.4681854248047,21.616600036621094,371.9802551269531,0.5093338489532471
heightfield_scatter2,0.06803063303232193,-0.7038265466690063,0.06803064048290253,0.7038265466690063,-202.3705596923828,21.568498611450195,416.0094299316406,0.7261785268783569
heightfield_scatter2,0.0012158176396042109,0.0,0.0,0.9999992847442627,-46.21881103515625,49.019500732421875,373.0324401855469,0.9833399057388306
heightfield_scatter2,1.593624787687986e-08,0.995204508304596,-0.09781599044799805,-1.6213940057241416e-07,238.5960235595703,21.568498611450195,289.6464538574219,0.7408161163330078
heightfield_scatter2,0.1238156259059906,0.5759255886077881,-0.08878284692764282,0.8031793236732483,12.56614875793457,45.16624450683594,19.99384117126465,0.9993813037872314
heightfield_scatter2,0.0,0.0,0.0,1.0,-187.28143310546875,49.019500732421875,-127.85923767089844,0.8977178335189819
heightfield_scatter2,0.0,0.0,0.0,1.0,-414.9308166503906,21.568498611450195,155.92652893066406,1.301000952720642
heightfield_scatter2,0.0427187941968441,-0.7058152556419373,0.0427188016474247,0.7058151364326477,260.0980529785156,21.568498611450195,242.59930419921875,1.3334574699401855
heightfield_scatter2,0.10126323997974396,0.0,0.0,0.9948596954345703,-217.3546905517578,21.568498611450195,-332.54058837890625,1.3475617170333862
heightfield_scatter2,0.21823285520076752,-0.7248014807701111,0.2647519111633301,0.5974476337432861,-78.050048828125,49.91812515258789,119.82649230957031,0.8457989692687988
heightfield_scatter2,0.13029098510742188,-0.3456195592880249,0.04852395877242088,0.9280176758766174,248.34310913085938,21.650436401367188,262.570068359375,1.0952178239822388
heightfield_scatter2,0.1357497125864029,0.0,0.0,0.9907431602478027,-373.3958435058594,21.568498611450195,260.6111145019531,1.2764379978179932
heightfield_scatter2,5.5526670067473916e-11,0.9999999403953552,-0.00034082026104442775,-1.6292067073209182e-07,274.3795471191406,49.019500732421875,171.95010375976562,1.4277886152267456
heightfield_scatter2,7.2577166498888346e-09,0.9990072846412659,-0.04454755783081055,-1.627589369945781e-07,-47.30564498901367,49.019500732421875,244.76254272460938,0.9168457984924316
heightfield_scatter2,0.09048982709646225,-0.5160205960273743,0.054934196174144745,0.8500097990036011,387.1528015136719,21.568498611450195,46.179115295410156,0.654512882232666
heightfield_scatter2,0.1725793182849884,0.6945025324821472,-0.1774134486913681,0.6755790710449219,-6.922215461730957,53.02762222290039,182.92892456054688,1.0277724266052246
heightfield_scatter2,0.2897226810455322,0.5366513729095459,-0.20295605063438416,0.7660776376724243,-19.685686111450195,50.13391876220703,114.29417419433594,1.3960331678390503
heightfield_scatter2,0.08608691394329071,-0.7018469572067261,0.08608691394329071,0.7018468379974365,-16.969383239746094,21.568498611450195,431.06268310546875,1.0278842449188232
heightfield_scatter2,0.1115027666091919,-0.7111111879348755,0.11584657430648804,0.6844469904899597,-311.4284362792969,49.019500732421875,-316.1504821777344,0.593651533126831
heightfield_scatter2,0.0,0.0,0.0,1.0,4.396319389343262,49.019500732421875,188.85731506347656,0.8169745206832886
heightfield_scatter2,0.0,0.0,0.0,1.0,-216.73971557617188,49.019500732421875,-93.74645233154297,0.7175537347793579
heightfield_scatter2,-0.06237753853201866,0.9224186539649963,-0.16825519502162933,-0.34196937084198,4.605889320373535,23.022598266601562,428.4453430175781,0.8673087358474731
heightfield_scatter2,-0.006233393680304289,0.9817098379135132,-0.18746022880077362,-0.032643500715494156,-79.55011749267578,22.692920684814453,435.81201171875,0.6253821849822998
heightfield_scatter2,0.0,0.0,0.0,1.0,206.84510803222656,52.94099807739258,268.55523681640625,0.8398967981338501
heightfield_scatter2,0.0,0.0,0.0,1.0,248.76177978515625,52.94099807739258,-16.115516662597656,0.8722550868988037
heightfield_scatter2,0.0,0.0,0.0,1.0,375.3128967285156,21.568498611450195,-11.10944652557373,1.456732988357544
heightfield_scatter2,0.2463224232196808,-0.6172337532043457,0.21220776438713074,0.7164605259895325,-140.38893127441406,60.17052459716797,-166.65196228027344,0.7865041494369507
heightfield_scatter2,-0.15475039184093475,0.8217067718505859,-0.2646923363208771,-0.480404257774353,-357.3513488769531,22.275447845458984,195.64932250976562,0.559110164642334
heightfield_scatter2,0.08364932984113693,-0.6175838708877563,0.06629691272974014,0.779228925704956,-323.04888916015625,21.636741638183594,337.60076904296875,0.7236490249633789
heightfield_scatter2,0.25271061062812805,0.5569332242012024,-0.18283970654010773,0.7697612643241882,-226.68531799316406,53.82004928588867,-94.32881927490234,0.540812611579895
heightfield_scatter2,0.02887263149023056,0.8950551152229309,-0.05858037248253822,0.44114741683006287,-95.3353500366211,21.646696090698242,452.3983154296875,1.4038140773773193
heightfield_scatter2,0.048587433993816376,0.705435574054718,-0.04858742654323578,0.7054354548454285,-383.15301513671875,21.568498611450195,188.06773376464844,1.0031559467315674
heightfield_scatter2,0.05424639955163002,-0.47037115693092346,0.02898474596440792,0.8803227543830872,114.45742797851562,49.0535888671875,-192.7150115966797,0.9216995239257812
heightfield_scatter2,-0.01553257741034031,0.9629580974578857,-0.263133704662323,-0.056842390447854996,-270.6297302246094,53.16722869873047,374.2637023925781,1.033168911933899
heightfield_scatter2,0.0,0.0,0.0,1.0,-45.583038330078125,52.94099807739258,39.74700164794922,1.2281382083892822
heightfield_scatter2,0.17453236877918243,-0.23582521080970764,0.043097563087940216,0.9550222754478455,160.9222869873047,22.99129867553711,358.7632751464844,0.5634708404541016
heightfield_scatter2,0.28949078917503357,0.21618981659412384,-0.06729455292224884,0.9300153255462646,251.56056213378906,53.462005615234375,-40.77932357788086,0.6239449977874756
heightfield_scatter2,0.06517291069030762,0.7040969729423523,-0.06517290323972702,0.7040969133377075,-107.88404846191406,49.019500732421875,121.65218353271484,1.4038112163543701
heightfield_scatter2,0.22921262681484222,0.5756486058235168,-0.17230527102947235,0.7657683491706848,-35.907535552978516,52.810272216796875,-105.88082885742188,1.2401857376098633
heightfield_scatter2,0.2348587065935135,0.3654864430427551,-0.09584521502256393,0.8955862522125244,244.26573181152344,49.37799072265625,105.62628173828125,0.5465279817581177
heightfield_scatter2,0.1446448266506195,0.6906322836875916,-0.14398202300071716,0.693811297416687,-109.86700439453125,50.30963134765625,94.97076416015625,1.2622807025909424
heightfield_scatter2,0.08367835730314255,-0.7021381855010986,0.08367836475372314,0.7021380662918091,146.9771270751953,49.019500732421875,-170.80960083007812,1.2597558498382568
heightfield_scatter2,0.04822337254881859,0.9124966263771057,-0.11275138705968857,0.3902711272239685,-198.6207733154297,53.04001998901367,-61.26901626586914,0.9009110927581787
heightfield_scatter2,0.1831238567829132,0.7922791838645935,-0.2863108515739441,0.5067399740219116,49.2325439453125,22.1130428314209,-329.2032470703125,0.6194419860839844
heightfield_scatter2,0.0,0.0,0.0,1.0,-199.5840606689453,49.019500732421875,-138.45550537109375,0.9604524374008179
heightfield_scatter2,0.03502419963479042,0.706238865852356,-0.03502419590950012,0.7062388062477112,-289.5517578125,52.94099807739258,298.6236877441406,0.6122145652770996
heightfield_scatter2,0.1637965738773346,-0.6876512169837952,0.16368402540683746,0.6881235837936401,-325.1741943359375,21.589344024658203,334.9921569824219,0.6102399826049805
heightfield_scatter2,0.3466816246509552,0.008880876936018467,-0.0032825693488121033,0.9379350543022156,247.11245727539062,22.286483764648438,267.8237609863281,0.8018454313278198
heightfield_scatter2,0.0,0.0,0.0,1.0,195.1927490234375,56.86249923706055,82.1974868774414,0.6946538686752319
heightfield_scatter2,0.1618979126214981,-0.5162532329559326,0.10009419918060303,0.835016667842865,-198.14260864257812,21.633634567260742,382.5164794921875,1.2581125497817993
heightfield_scatter2,0.20504997670650482,0.7045276761054993,-0.22539649903774261,0.6409302949905396,-263.2747802734375,53.457149505615234,336.6936340332031,0.7005070447921753
heightfield_scatter2,0.002290465636178851,-0.7071030735969543,0.0022904654033482075,0.7071030139923096,-173.62872314453125,49.019500732421875,-96.55621337890625,0.741576075553894
heightfield_scatter2,0.04821636527776718,0.951266884803772,-0.23083941638469696,0.19869479537010193,-340.695068359375,22.942258834838867,381.34478759765625,0.9871207475662231
heightfield_scatter2,0.15662001073360443,0.08509019017219543,-0.013544990681111813,0.9838934540748596,-219.764892578125,23.17041778564453,-317.0504455566406,0.5078299045562744
heightfield_scatter2,0.011733458377420902,0.9436138868331909,-0.3291253447532654,0.03364032506942749,-41.86204147338867,22.342119216918945,433.4427185058594,0.6010749340057373
heightfield_scatter2,1.1498916485663813e-08,0.9975061416625977,-0.07057982683181763,-1.625143823957842e-07,-311.6773986816406,52.94099807739258,47.17534637451172,1.191206455230713
heightfield_scatter2,0.0,0.0,0.0,1.0,-329.25494384765625,49.019500732421875,-119.54712677001953,0.8780945539474487
heightfield_scatter2,0.0,0.0,0.0,1.0,-317.53741455078125,27.450998306274414,292.3440246582031,1.332297444343567
heightfield_scatter2,0.4222390353679657,0.2718621790409088,-0.13437561690807343,0.8542531132698059,-227.15402221679688,53.07919692993164,-89.6253890991211,0.7990360260009766
heightfield_scatter2,0.07305484265089035,-0.7033228278160095,0.07305484265089035,0.7033228278160095,-354.697509765625,49.019500732421875,-62.44197463989258,0.547467827796936
heightfield_scatter2,0.06236591562628746,-0.629859209060669,0.05084817111492157,0.7725298404693604,-108.9684066772461,21.568498611450195,-393.0890808105469,0.8711389303207397
heightfield_scatter2,0.26428982615470886,-0.6558589935302734,0.2642897963523865,0.6558588147163391,-207.1126708984375,22.467248916625977,401.2674560546875,0.7373784780502319
heightfield_scatter2,-0.020930802449584007,0.9407932758331299,-0.33313044905662537,-0.05911041051149368,-87.15340423583984,49.72819519042969,310.3747253417969,0.7069709300994873
heightfield_scatter2,0.10379068553447723,-0.6994479894638062,0.10379070043563843,0.6994479298591614,71.43145751953125,52.94099807739258,-243.85523986816406,0.6260602474212646
heightfield_scatter2,0.24644510447978973,-0.04566614329814911,0.011626110412180424,0.9680104851722717,108.44612121582031,23.327449798583984,-371.9001159667969,1.018986463546753
heightfield_scatter2,0.14748258888721466,-0.7710708379745483,0.19322796165943146,0.5885249376296997,241.66810607910156,53.26225662231445,98.04666137695312,1.0783674716949463
heightfield_scatter2,0.13384300470352173,0.6913849115371704,-0.13267438113689423,0.6974743604660034,6.794452667236328,23.526084899902344,380.04278564453125,1.3815957307815552
heightfield_scatter2,0.0,0.0,0.0,1.0,-136.34991455078125,52.94099807739258,-107.7655258178711,0.8309586048126221
heightfield_scatter2,-0.0636114850640297,0.9321828484535217,-0.20197352766990662,-0.2935904860496521,136.69204711914062,53.19192123413086,-49.29080581665039,1.4460303783416748
heightfield_scatter2,0.08776961266994476,0.8956761956214905,-0.38525673747062683,0.2040536254644394,70.80072021484375,20.53114128112793,-362.99359130859375,1.0125054121017456
heightfield_scatter2,0.15711186826229095,0.25543758273124695,-0.04210954159498215,0.9530447721481323,-35.714656829833984,33.06615447998047,25.657772064208984,1.2442071437835693
heightfield_scatter2,0.16974133253097534,0.8226274847984314,-0.3170754909515381,0.4403805732727051,2.440512180328369,22.059736251831055,418.94537353515625,0.7440129518508911
heightfield_scatter2,0.0,0.0,0.0,1.0,-272.9610900878906,49.019500732421875,146.5535125732422,0.8376098871231079
heightfield_scatter2,-0.004307721741497517,0.9678884148597717,-0.2507929801940918,-0.016624687239527702,-418.9710693359375,22.961429595947266,307.0699462890625,1.2025285959243774
heightfield_scatter2,0.23644611239433289,-0.6727938652038574,0.2417527139186859,0.658025324344635,-351.8670654296875,49.67631149291992,-45.95020294189453,1.3578139543533325
heightfield_scatter2,2.1200351696393227e-08,0.9914973974227905,-0.13012681901454926,-1.6153541082530865e-07,-192.06150817871094,49.019500732421875,-132.19064331054688,0.5662624835968018
heightfield_scatter2,0.0,0.0,0.0,1.0,8.64553451538086,49.019500732421875,-129.31626892089844,1.4908961057662964
heightfield_scatter2,0.007868554443120956,0.7070630192756653,-0.007868553511798382,0.7070629596710205,-256.4449462890625,49.019500732421875,256.9803466796875,0.7721419334411621
heightfield_scatter2,0.0042337882332503796,0.9898696541786194,-0.13866013288497925,0.0302240252494812,-148.8142852783203,21.568498611450195,-335.13671875,1.050096035003662
heightfield_scatter2,0.10068652778863907,0.871593713760376,-0.20156428217887878,0.4353830814361572,98.26838684082031,53.148372650146484,-68.78238677978516,1.1280025243759155
heightfield_scatter2,0.0034826048649847507,-0.3826807737350464,0.0014425418339669704,0.9238729476928711,-422.6529846191406,21.648963928222656,213.07879638671875,0.6883710622787476
heightfield_scatter2,-0.11598855257034302,0.8837394118309021,-0.3087092936038971,-0.3320389986038208,-366.1572265625,21.817096710205078,358.5978088378906,0.8942320346832275
heightfield_scatter2,0.14199692010879517,0.020403575152158737,-0.002927538240328431,0.9896524548530579,8.802831649780273,50.680789947509766,184.85707092285156,1.3838167190551758
heightfield_scatter2,0.2147415429353714,0.0061014574021101,-0.0013415603898465633,0.9766509532928467,-121.83344268798828,52.98186111450195,338.82086181640625,1.0914701223373413
heightfield_scatter2,0.0,0.0,0.0,1.0,-204.0041046142578,49.019500732421875,-80.66427612304688,1.4602553844451904
heightfield_scatter2,0.038935620337724686,0.0,0.0,0.9992417097091675,137.25918579101562,49.019500732421875,-62.695472717285156,1.4756228923797607
heightfield_scatter2,-0.08622613549232483,0.893453061580658,-0.19483515620231628,-0.39540600776672363,-311.9324035644531,50.26917266845703,-32.60538101196289,0.7059116363525391
heightfield_scatter2,0.305855929851532,-0.23214465379714966,0.0771675854921341,0.9201120734214783,-237.35037231445312,23.179584503173828,-307.29949951171875,1.0663878917694092
heightfield_scatter2,-0.025964859873056412,0.9240940809249878,-0.3759011924266815,-0.0638301894068718,225.997802734375,49.92495346069336,113.20650482177734,1.2766910791397095
heightfield_scatter2,5.242058342957989e-09,0.9994822144508362,-0.032175518572330475,-1.6283631509850238e-07,-302.9690856933594,52.94099807739258,-15.294909477233887,1.286222219467163
heightfield_scatter2,0.10551705956459045,-0.8018406629562378,0.14868418872356415,0.5690436959266663,-288.4685974121094,50.47248458862305,168.7919464111328,0.7693170309066772
heightfield_scatter2,0.14185559749603271,0.7817221879959106,-0.19253738224506378,0.5759484767913818,-343.705078125,22.52623748779297,265.132080078125,0.5406739711761475
heightfield_scatter2,0.20565344393253326,0.6264874339103699,-0.17628659307956696,0.7308509945869446,-138.22731018066406,53.3838996887207,-90.4866714477539,0.6733008623123169
heightfield_scatter2,0.32093486189842224,-0.027993766590952873,0.009490592405200005,0.946639895439148,-106.58311462402344,22.150867462158203,53.086875915527344,1.2741883993148804
heightfield_scatter2,-0.04899052157998085,0.9063199162483215,-0.10958179831504822,-0.40518632531166077,-325.53594970703125,21.641246795654297,293.5298767089844,0.8844740390777588
heightfield_scatter2,0.2395724058151245,-0.6961899399757385,0.26851585507392883,0.6211472153663635,-386.7200012207031,22.447214126586914,248.82298278808594,0.5786857604980469
heightfield_scatter2,0.061082564294338226,0.9386661052703857,-0.22850176692008972,0.2509218752384186,-193.48159790039062,21.892858505249023,386.31640625,1.0727999210357666
heightfield_scatter2,0.3595978617668152,-0.014680210500955582,0.005658213514834642,0.9329747557640076,-213.918701171875,22.595029830932617,410.08270263671875,0.5737946033477783
heightfield_scatter2,0.19106252491474152,-0.1726405769586563,0.03415767848491669,0.9656726121902466,-199.06979370117188,49.20900344848633,-130.21034240722656,0.6055334806442261
heightfield_scatter2,0.0,0.0,0.0,1.0,236.51864624023438,49.019500732421875,153.5682830810547,1.4249517917633057
heightfield_scatter2,0.0,0.0,0.0,1.0,3.838479518890381,52.94099807739258,-142.6572265625,0.9901962280273438
heightfield_scatter2,0.047240596264600754,0.0,0.0,0.9988835453987122,311.90704345703125,49.019500732421875,65.46736145019531,0.8894230127334595
heightfield_scatter2,0.1203441396355629,0.0,0.0,0.9927322268486023,74.00703430175781,49.019500732421875,210.3262481689453,0.8193079233169556
heightfield_scatter2,-0.007471934892237186,0.9919220209121704,-0.10523764789104462,-0.07042697072029114,84.30815124511719,21.568498611450195,-356.8011169433594,1.3528952598571777
heightfield_scatter2,0.0,0.0,0.0,1.0,-78.66743469238281,52.94099807739258,213.42880249023438,1.0312029123306274
heightfield_scatter2,-0.04897831752896309,0.9469966292381287,-0.17516306042671204,-0.2647950053215027,-43.430538177490234,23.209686279296875,404.95489501953125,1.170662522315979
heightfield_scatter2,0.0,0.0,0.0,1.0,206.58111572265625,52.94099807739258,91.91822814941406,0.8161548376083374
heightfield_scatter2,0.08365243673324585,-0.702141284942627,0.08365244418382645,0.7021411657333374,-270.822509765625,49.019500732421875,185.26417541503906,0.7963961362838745
heightfield_scatter2,0.0,0.0,0.0,1.0,-258.3322448730469,52.94099807739258,236.43077087402344,0.8817415237426758
heightfield_scatter2,0.1588919460773468,0.26196566224098206,-0.04377349838614464,0.9509002566337585,-11.447787284851074,21.791011810302734,432.00372314453125,0.8545970916748047
heightfield_scatter2,0.24233265221118927,-0.6642853021621704,0.24233262240886688,0.6642851829528809,99.29341125488281,22.231760025024414,383.951904296875,0.6658574342727661
heightfield_scatter2,0.1395384520292282,-0.6932021379470825,0.13953842222690582,0.6932018995285034,-75.35565185546875,21.568498611450195,437.1304016113281,1.2433654069900513
heightfield_scatter2,0.0439925380051136,0.9512139558792114,-0.2592245638370514,0.1614287942647934,-289.4247741699219,53.354427337646484,376.5772705078125,1.0784695148468018
heightfield_scatter2,0.0,0.0,0.0,1.0,-78.8447265625,52.94099807739258,217.99122619628906,1.4710099697113037
heightfield_scatter2,-0.0008307519019581378,0.97491854429245,-0.22253069281578064,-0.003639382775872946,-214.0258026123047,49.05923080444336,-92.7303695678711,1.4623363018035889
heightfield_scatter2,0.2902024984359741,-0.6155219674110413,0.26086851954460144,0.6847355961799622,63.207149505615234,60.350616455078125,264.26171875,0.5400776863098145
heightfield_scatter2,-0.10640913248062134,0.8921095728874207,-0.28209859132766724,-0.33650854229927063,-91.65352630615234,22.177654266357422,427.81585693359375,1.0560338497161865
heightfield_scatter2,0.033843234181404114,-0.6950148344039917,0.032784949988126755,0.7174497246742249,-200.80638122558594,21.568498611450195,380.853515625,1.3002347946166992
heightfield_scatter2,0.023445937782526016,-0.026045264676213264,0.000611030962318182,0.9993855953216553,133.71730041503906,21.631101608276367,375.9117736816406,1.1245266199111938
heightfield_scatter2,0.04471282660961151,-0.7758545279502869,0.05533788353204727,0.6268877387046814,-65.56603240966797,27.314102172851562,35.995365142822266,0.9993647336959839
heightfield_scatter2,0.025645766407251358,0.706641674041748,-0.025645768269896507,0.7066414952278137,-187.84225463867188,21.568498611450195,-339.67401123046875,1.4487731456756592
heightfield_scatter2,0.10584317147731781,0.8939587473869324,-0.2978094220161438,0.31771767139434814,-84.32957458496094,22.32786750793457,433.7347106933594,0.9757429361343384
heightfield_scatter2,0.23999451100826263,-0.7106761336326599,0.2860504388809204,0.5962526798248291,-179.8003387451172,22.435710906982422,-364.0155334472656,0.6357322931289673
heightfield_scatter2,0.0038695791736245155,0.7070962190628052,-0.0038695780094712973,0.7070961594581604,-203.50059509277344,49.019500732421875,-104.6029052734375,1.1363921165466309
heightfield_scatter2,0.12056918442249298,0.8750180006027222,-0.2812584638595581,0.375100314617157,48.66325759887695,22.281566619873047,-335.69879150390625,0.943569540977478
heightfield_scatter2,0.051862914115190506,0.0,0.0,0.9986542463302612,-3.892868757247925,49.019500732421875,138.4692840576172,0.9618583917617798
heightfield_scatter2,3.0052948574166294e-08,0.9828393459320068,-0.18446363508701324,-1.6012486980798712e-07,23.129880905151367,21.568498611450195,381.6162414550781,1.0855883359909058
heightfield_scatter2,0.18493865430355072,0.04967270791530609,-0.009360037744045258,0.9814493060112,-203.4917755126953,56.9473762512207,297.7286071777344,0.7020716667175293
heightfield_scatter2,0.016172030940651894,-0.7069218754768372,0.016172032803297043,0.7069217562675476,-210.5551300048828,49.019500732421875,-76.69356536865234,1.448945164680481
heightfield_scatter2,0.02039523422718048,0.8890445828437805,-0.03979591280221939,0.45563143491744995,-164.31101989746094,52.94099807739258,-83.84767150878906,1.0818562507629395
heightfield_scatter2,0.0,0.0,0.0,1.0,-237.01390075683594,52.94099807739258,378.1595764160156,0.8437968492507935
heightfield_scatter2,0.04339359700679779,0.956392765045166,-0.21431533992290497,0.19364584982395172,-181.8282928466797,49.284053802490234,-98.19078063964844,1.4820845127105713
heightfield_scatter2,0.0057526445016264915,0.0,0.0,0.9999834299087524,117.5968017578125,49.019500732421875,-191.4833221435547,0.6517237424850464
heightfield_scatter2,0.3329985737800598,-0.19825969636440277,0.07183559983968735,0.9190455079078674,152.93902587890625,22.263765335083008,353.6317443847656,1.1400433778762817
heightfield_scatter2,0.005891368258744478,-0.7070821523666382,0.005891367793083191,0.707082211971283,359.3047180175781,21.568498611450195,105.99475860595703,1.461112141609192
heightfield_scatter2,-0.10571268200874329,0.8631417751312256,-0.20264314115047455,-0.4502742290496826,72.75348663330078,22.761167526245117,408.81085205078125,0.6406923532485962
heightfield_scatter2,0.0,0.0,0.0,1.0,-232.68984985351562,52.94099807739258,185.85836791992188,0.6605333089828491
heightfield_scatter2,0.07536572962999344,0.7903723120689392,-0.09931015223264694,0.5998075008392334,-346.8238830566406,21.630300521850586,357.2789306640625,1.2813209295272827
heightfield_scatter2,1.3210674332242434e-08,0.9967070817947388,-0.08108656108379364,-1.6238418254488352e-07,-294.27764892578125,52.94099807739258,170.8582000732422,1.1136813163757324
heightfield_scatter2,-0.04565046727657318,0.8956418037414551,-0.09460200369358063,-0.4321947395801544,-43.97100067138672,21.584596633911133,416.2580871582031,0.6123522520065308
heightfield_scatter2,0.24980448186397552,0.0,0.0,0.9682962894439697,-329.32745361328125,22.081249237060547,377.41900634765625,0.9586409330368042
heightfield_scatter2,0.05183880031108856,0.0,0.0,0.9986554980278015,-46.50101089477539,21.568498611450195,436.8436279296875,1.0072077512741089
heightfield_scatter2,-0.014060033485293388,0.9811041355133057,-0.07819149643182755,-0.17641736567020416,-309.2157897949219,52.94099807739258,-1.147240400314331,0.5315496921539307
heightfield_scatter2,0.0,0.0,0.0,1.0,-121.07160949707031,49.019500732421875,118.91204071044922,0.92311692237854
heightfield_scatter2,0.0,0.0,0.0,1.0,-2.5751590728759766,52.94099807739258,48.062801361083984,0.7508409023284912
heightfield_scatter2,0.0,0.0,0.0,1.0,-81.71883392333984,52.94099807739258,211.5570831298828,1.2430864572525024
heightfield_scatter2,-0.056723453104496,0.9070156216621399,-0.12973229587078094,-0.3965786397457123,-351.0078430175781,21.568498611450195,320.8045349121094,1.1304014921188354
heightfield_scatter2,0.12694485485553741,0.0,0.0,0.9919098019599915,-302.6217956542969,52.94099807739258,53.779720306396484,0.5089578628540039
heightfield_scatter2,0.25156861543655396,0.5067200064659119,-0.1574910283088684,0.809410035610199,-383.24688720703125,22.69159698486328,276.7718505859375,0.669360876083374
heightfield_scatter2,0.0,0.0,0.0,1.0,-351.2406311035156,21.568498611450195,289.3176574707031,1.3469265699386597
heightfield_scatter2,0.17871077358722687,0.34242120385169983,-0.06651613861322403,0.9199922680854797,70.91814422607422,54.603668212890625,-102.24193572998047,0.6888691186904907
heightfield_scatter2,0.13447022438049316,0.49665895104408264,-0.07821349799633026,0.8538913130760193,-247.19581604003906,23.494625091552734,-358.9388122558594,0.6337686777114868
heightfield_scatter2,0.03523043170571327,0.7062286138534546,-0.035230424255132675,0.7062285542488098,301.5271911621094,52.94099807739258,81.30944061279297,1.454153060913086
heightfield_scatter2,1.9497340630891813e-08,0.9928132891654968,-0.11967382580041885,-1.617498099903969e-07,-406.3581848144531,21.568498611450195,252.42901611328125,1.4915621280670166
heightfield_scatter2,0.039960894733667374,-0.7059767842292786,0.03996088728308678,0.705976665019989,-59.917091369628906,21.568498611450195,2.701282501220703,1.4135643243789673
heightfield_scatter2,0.27825435996055603,-0.26109251379966736,0.07888450473546982,0.920968234539032,37.30845642089844,49.53483581542969,-281.1261291503906,1.0601863861083984
heightfield_scatter2,5.727877578465268e-05,0.9240685105323792,-0.382226824760437,0.00013820732419844717,349.56085205078125,22.537267684936523,9.753942489624023,0.6428647041320801
heightfield_scatter2,2.5448333218491825e-08,0.9877253174781799,-0.15620072185993195,-1.6092089083485916e-07,89.08790588378906,52.94099807739258,360.0863952636719,1.106003761291504
heightfield_scatter2,0.06788608431816101,0.8493888974189758,-0.11282350867986679,0.5110780596733093,-137.1895751953125,52.94099807739258,-90.84532165527344,0.5060949325561523
heightfield_scatter2,0.16606612503528595,0.7267271876335144,-0.18878938257694244,0.6392560601234436,-319.1083068847656,27.246973037719727,284.3892517089844,0.5009739398956299
heightfield_scatter2,-0.06803819537162781,0.927316427230835,-0.2076158970594406,-0.30389249324798584,121.55670166015625,21.772891998291016,368.4402770996094,1.4750909805297852
heightfield_scatter2,0.0,0.0,0.0,1.0,135.01840209960938,49.019500732421875,-67.51081085205078,1.307574987411499
heightfield_scatter2,0.10459504276514053,0.6722310781478882,-0.09678225219249725,0.7264973521232605,-289.97332763671875,21.58000373840332,326.807861328125,1.4796795845031738
heightfield_scatter2,0.08047360181808472,0.7025125622749329,-0.08047359436750412,0.7025126218795776,98.3634033203125,60.78450012207031,-38.70957946777344,0.7630715370178223
heightfield_scatter2,0.07908907532691956,0.5151302814483643,-0.047811854630708694,0.8521148562431335,-282.57391357421875,52.94099807739258,-162.5852813720703,1.0220805406570435
heightfield_scatter2,0.14370065927505493,-0.6115474700927734,0.11418523639440536,0.7696243524551392,-86.81285095214844,56.9316291809082,97.96846008300781,1.0066587924957275
heightfield_scatter2,-0.15015989542007446,0.829059362411499,-0.26571333408355713,-0.468517929315567,-317.77935791015625,22.771446228027344,342.32366943359375,0.7509332895278931
heightfield_scatter2,0.22400248050689697,-0.42050784826278687,0.1079535111784935,0.8725491762161255,-334.2862243652344,21.98836898803711,376.71905517578125,1.3432421684265137
heightfield_scatter2,0.02321307547390461,0.9741587042808533,-0.1909061223268509,0.11845161765813828,-287.35479736328125,53.100425720214844,311.7772216796875,1.3494176864624023
heightfield_scatter2,0.12288534641265869,-0.6619420647621155,0.11127752810716629,0.7309919595718384,36.22233963012695,21.624969482421875,419.6714172363281,1.4446804523468018
heightfield_scatter2,0.051394522190093994,0.9407718777656555,-0.2910487651824951,0.1661248505115509,159.61366271972656,22.061437606811523,353.1702880859375,1.4257222414016724
heightfield_scatter2,0.03391267731785774,0.7062931060791016,-0.03391267731785774,0.7062930464744568,163.46514892578125,52.94099807739258,204.71376037597656,0.759492039680481
heightfield_scatter2,0.1189434602856636,-0.7822586297988892,0.1574704349040985,0.5908697247505188,228.8991241455078,22.82198715209961,285.84857177734375,0.5740330219268799
heightfield_scatter2,0.06326482445001602,-0.7042709589004517,0.06326482445001602,0.7042708992958069,88.36442565917969,21.568498611450195,-346.178955078125,0.910507082939148
heightfield_scatter2,0.2149040400981903,0.7261322736740112,-0.26056960225105286,0.5988753437995911,-410.2155456542969,22.45543098449707,295.61090087890625,1.3320027589797974
heightfield_scatter2,0.05621613189578056,0.9323904514312744,-0.3162585496902466,0.1657356172800064,-260.33184814453125,22.538530349731445,410.40277099609375,0.7691342830657959
heightfield_scatter2,0.23574323952198029,0.24726985394954681,-0.0621601901948452,0.9377733469009399,298.161376953125,23.105121612548828,176.923095703125,0.6634057760238647
heightfield_scatter2,0.03222615271806717,0.8999649286270142,-0.06752696633338928,0.4294935464859009,-413.39300537109375,21.784120559692383,207.42059326171875,1.2906761169433594
heightfield_scatter2,0.05177605524659157,-0.8356181979179382,0.07997438311576843,0.5409857630729675,-329.7352294921875,21.568498611450195,291.2433166503906,0.885543704032898
heightfield_scatter2,0.1250738501548767,0.6959573030471802,-0.1250738501548767,0.6959572434425354,-369.8931884765625,21.568498611450195,217.8513946533203,1.2772928476333618
heightfield_scatter2,0.0,0.0,0.0,1.0,349.40380859375,52.94099807739258,-32.66358184814453,1.4714053869247437
heightfield_scatter2,0.04922943934798241,-0.43011873960494995,0.02349790744483471,0.9011227488517761,202.35800170898438,52.970401763916016,123.7505111694336,0.716057538986206
heightfield_scatter2,0.2449646145105362,0.46058452129364014,-0.1339081972837448,0.8425691723823547,-397.1278076171875,22.860193252563477,202.550537109375,1.0354520082473755
heightfield_scatter2,2.1117422477345826e-08,0.9915640354156494,-0.1296178102493286,-1.6154626791831106e-07,-173.61566162109375,21.568498611450195,-373.7082214355469,0.7965922355651855
heightfield_scatter2,0.1941099464893341,0.6610644459724426,-0.18297043442726135,0.7013108730316162,-46.223758697509766,49.31157684326172,128.13633728027344,1.361661672592163
heightfield_scatter2,0.20712634921073914,-0.604572594165802,0.1667747050523758,0.7508507370948792,151.7733917236328,53.224422454833984,-182.02134704589844,0.7958129644393921
heightfield_scatter2,0.10263200849294662,0.25579944252967834,-0.027322081848978996,0.9608781337738037,-4.16940450668335,21.568498611450195,393.95660400390625,0.5955922603607178
heightfield_scatter2,0.10876074433326721,0.6705220341682434,-0.10031341761350632,0.7269859313964844,-282.2785949707031,49.04964065551758,-148.5877685546875,0.5673379898071289
heightfield_scatter2,0.07110121101140976,-0.7035230994224548,0.07110118865966797,0.7035229206085205,-56.078880310058594,49.019500732421875,230.0640869140625,0.8895316123962402
heightfield_scatter2,0.0,0.0,0.0,1.0,-317.91961669921875,49.019500732421875,27.4655818939209,1.2887037992477417
heightfield_scatter2,0.0082694748416543,0.9145383834838867,-0.018720552325248718,0.4039810299873352,261.5591735839844,27.424062728881836,221.6155548095703,1.1759282350540161
heightfield_scatter2,0.20981717109680176,-0.6194141507148743,0.17668049037456512,0.7355860471725464,-86.70023345947266,21.783191680908203,417.73785400390625,1.4095618724822998
heightfield_scatter2,0.1469762921333313,-0.6916632652282715,0.1469762772321701,0.6916631460189819,-389.7561950683594,52.94099807739258,317.3894348144531,1.4121150970458984
heightfield_scatter2,-0.001343160285614431,0.9238926768302917,-0.0032431280706077814,-0.38263559341430664,261.2187805175781,21.693357467651367,257.3455505371094,0.834182858467102
heightfield_scatter2,1.8471738028047469e-10,0.9999993443489075,-0.0011337866308167577,-1.6292059967781825e-07,-345.9917907714844,21.568498611450195,363.2856750488281,0.7874675989151001
heightfield_scatter2,0.0,0.0,0.0,1.0,132.01332092285156,52.94099807739258,238.14517211914062,1.1365469694137573
heightfield_scatter2,0.06279110163450241,-0.7861080765724182,0.08098059147596359,0.6095355749130249,-339.09332275390625,23.20256233215332,293.81585693359375,0.6094110012054443
heightfield_scatter2,0.0,0.0,0.0,1.0,239.1065216064453,49.019500732421875,151.88978576660156,1.4258407354354858
heightfield_scatter2,0.1419363021850586,0.0,0.0,0.9898757934570312,-418.486572265625,21.568498611450195,303.9430847167969,0.6764653921127319
heightfield_scatter2,0.2065597027540207,-0.02962009236216545,0.006256170105189085,0.9779655337333679,236.00894165039062,21.888309478759766,270.18927001953125,0.6596308946609497
heightfield_scatter2,0.12808626890182495,0.0,0.0,0.9917630553245544,386.9715881347656,52.94099807739258,-64.96411895751953,0.531512975692749
heightfield_scatter2,0.0022497251629829407,-0.7071032524108887,0.002249725628644228,0.7071031332015991,-398.3797912597656,21.568498611450195,161.5518341064453,0.7479104995727539
heightfield_scatter2,0.17449146509170532,-0.6714646220207214,0.16725656390190125,0.7005093097686768,-425.32080078125,23.01127052307129,-169.82913208007812,0.5025194883346558
heightfield_scatter2,6.342784075741292e-09,0.9992418885231018,-0.03893173485994339,-1.6279713577205257e-07,-412.1966552734375,21.568498611450195,181.97406005859375,0.5106165409088135
heightfield_scatter2,0.02352975681424141,0.0,0.0,0.9997231364250183,379.33587646484375,21.568498611450195,68.23211669921875,1.1140469312667847
heightfield_scatter2,0.25111085176467896,0.6510947942733765,-0.24260789155960083,0.6739142537117004,259.9706115722656,53.68653106689453,-41.91881561279297,1.1096268892288208
heightfield_scatter2,0.0,0.0,0.0,1.0,399.2779846191406,27.450998306274414,-63.56877136230469,0.998267412185669
heightfield_scatter2,0.23080505430698395,0.5550335645675659,-0.1637735366821289,0.7822052240371704,-265.9593200683594,50.12720489501953,235.66090393066406,0.9756858348846436
heightfield_scatter2,0.05242963507771492,0.7051604986190796,-0.05242961272597313,0.7051602602005005,-145.16893005371094,49.019500732421875,-97.57059478759766,0.9543192386627197
heightfield_scatter2,0.09492280334234238,0.9028927087783813,-0.26158010959625244,0.327643483877182,-374.4519348144531,22.298425674438477,208.53965759277344,1.4989736080169678
heightfield_scatter2,-0.15288762748241425,0.8302792310714722,-0.2764560282230377,-0.45916643738746643,393.8693542480469,21.8704776763916,0.8900165557861328,0.9938178062438965
heightfield_scatter2,0.08572324365377426,0.0,0.0,0.9963189959526062,291.2386169433594,52.94099807739258,99.06029510498047,1.178814172744751
heightfield_scatter2,0.0,0.0,0.0,1.0,294.5244445800781,49.019500732421875,111.18876647949219,0.8959082365036011
heightfield_scatter2,0.0,0.0,0.0,1.0,328.9375915527344,52.94099807739258,2.0976662635803223,0.8005256652832031
heightfield_scatter2,0.2559780776500702,0.6533575654029846,-0.2507953941822052,0.6668589115142822,386.8813171386719,22.367759704589844,73.28514862060547,1.3672754764556885
heightfield_scatter2,0.25946444272994995,0.15169577300548553,-0.04130645468831062,0.9528695940971375,-424.54876708984375,22.751476287841797,142.1988067626953,1.2172069549560547
heightfield_scatter2,-0.0078398697078228,0.9852126836776733,-0.16459788382053375,-0.04692591354250908,-402.0958251953125,21.622112274169922,210.04611206054688,0.5641807317733765
heightfield_scatter2,0.0,0.0,0.0,1.0,-431.4290771484375,49.019500732421875,-202.31533813476562,1.0963846445083618
heightfield_scatter2,0.0,0.0,0.0,1.0,-419.0816955566406,21.568498611450195,310.7896423339844,1.3830757141113281
heightfield_scatter2,0.09560906887054443,0.8819334506988525,-0.2035377472639084,0.4142760634422302,4.78750467300415,23.515987396240234,-391.3258056640625,1.1125000715255737
heightfield_scatter2,0.08073260635137558,-0.4861385226249695,0.045165158808231354,0.868971586227417,-403.0668029785156,21.632789611816406,172.35821533203125,0.6858788728713989
heightfield_scatter2,0.1313457041978836,0.46805340051651,-0.0705794245004654,0.871029794216156,-425.54205322265625,21.784748077392578,230.8748321533203,0.8580235242843628
heightfield_scatter2,0.21194161474704742,0.720704197883606,-0.2500566840171814,0.6108500957489014,393.84967041015625,20.73961067199707,-200.0969696044922,0.8480756282806396
heightfield_scatter2,0.0,0.0,0.0,1.0,345.0793762207031,21.568498611450195,35.9593620300293,0.7500569820404053
heightfield_scatter2,0.0,0.0,0.0,1.0,333.5248718261719,21.568498611450195,182.07025146484375,0.876598596572876
heightfield_scatter2,0.2606385350227356,-0.6161327362060547,0.22688527405261993,0.7077931761741638,-410.4677429199219,22.236217498779297,194.03016662597656,0.9348865747451782
heightfield_scatter2,0.12296456843614578,-0.7561277151107788,0.14868338406085968,0.6253349781036377,324.978759765625,27.308557510375977,58.29071807861328,0.7947368621826172
heightfield_scatter2,0.1409352868795395,0.058717016130685806,-0.00837376806885004,0.9882405400276184,-421.9482727050781,21.606103897094727,182.54751586914062,1.0097006559371948
heightfield_scatter2,0.042396992444992065,0.9480112195014954,-0.14296486973762512,0.2811374366283417,387.0159912109375,21.73280906677246,42.46270751953125,0.6522071361541748
heightfield_scatter2,0.03120248205959797,0.7064180970191956,-0.031202485784888268,0.706417977809906,-437.6848449707031,21.568498611450195,100.71992492675781,0.9549393653869629
heightfield_scatter2,0.3275474011898041,0.0727926567196846,-0.025319507345557213,0.94168621301651,385.6139831542969,22.1153621673584,-192.92747497558594,1.3662012815475464
heightfield_scatter2,0.20520980656147003,0.44211018085479736,-0.10465774685144424,0.8668761849403381,-418.5504150390625,23.133024215698242,172.5930633544922,1.1993547677993774
heightfield_scatter2,0.015002759173512459,-0.7069477438926697,0.015002758242189884,0.7069475054740906,399.37646484375,21.568498611450195,-22.632747650146484,0.7189712524414062
heightfield_scatter2,0.1701950877904892,-0.649799108505249,0.15255659818649292,0.7249284386634827,-420.65234375,21.762683868408203,159.59774780273438,1.0685746669769287
heightfield_scatter2,0.018964510411024094,0.9472571015357971,-0.3147815763950348,0.057068854570388794,-20.753501892089844,22.036664962768555,405.7397155761719,1.4328503608703613
heightfield_scatter2,8.989273214687898e-11,0.9999998211860657,-0.0005517576355487108,-1.6292067073209182e-07,-424.7163391113281,21.568498611450195,185.5943145751953,1.1263957023620605
heightfield_scatter2,0.0,0.0,0.0,1.0,-431.4297790527344,21.568498611450195,-4.336923599243164,1.0758718252182007
heightfield_scatter2,0.09670031070709229,0.6579363942146301,-0.08575647324323654,0.741899311542511,-417.1434631347656,21.637483596801758,125.08964538574219,1.0278687477111816
heightfield_scatter2,0.15487636625766754,-0.7352868318557739,0.17934103310108185,0.6349830031394958,389.1222229003906,22.927427291870117,71.18852233886719,1.47636878490448
heightfield_scatter2,0.09999378770589828,0.896009624004364,-0.25797995924949646,0.34729573130607605,353.5137634277344,21.983318328857422,23.285686492919922,1.4392534494400024
heightfield_scatter2,2.5557261196240688e-08,0.9876193404197693,-0.1568693220615387,-1.609036246463802e-07,-444.4847717285156,21.568498611450195,135.3995819091797,1.1202800273895264
heightfield_scatter2,0.3168604075908661,0.054361741989851,-0.018194135278463364,0.9467382431030273,-436.8172607421875,22.050609588623047,18.074512481689453,1.0412273406982422
heightfield_scatter2,0.0,0.0,0.0,1.0,375.1922607421875,21.568498611450195,-7.845396518707275,1.2668620347976685
heightfield_scatter2,0.0,0.0,0.0,1.0,412.56988525390625,21.568498611450195,-41.34672927856445,0.6865016222000122
heightfield_scatter2,0.027528900653123856,0.9635208249092102,-0.24275757372379303,0.1092638224363327,401.5286560058594,22.873502731323242,-24.950233459472656,0.5724012851715088
heightfield_scatter2,0.06571541726589203,0.8027592897415161,-0.09005570411682129,0.5857892632484436,403.570068359375,21.568498611450195,-25.236013412475586,1.460806965827942
heightfield_scatter2,-0.01799117401242256,0.9819645285606384,-0.13770699501037598,-0.12829162180423737,-421.9157409667969,21.638748168945312,-160.98678588867188,1.056817889213562
heightfield_scatter2,0.3197132647037506,0.3586294651031494,-0.1322483867406845,0.8669940829277039,-436.0914001464844,22.67934799194336,-170.36590576171875,0.5818835496902466
heightfield_scatter2,0.06239733472466469,-0.21008312702178955,0.013436500914394855,0.9755977988243103,-463.4710998535156,21.598291397094727,39.89273452758789,0.8959499597549438
heightfield_scatter2,-0.007120052818208933,0.9928792119026184,-0.08344895392656326,-0.08471432328224182,379.449951171875,21.677066802978516,91.30823516845703,1.410815954208374
heightfield_scatter2,0.22827869653701782,-0.06061239168047905,0.014240913093090057,0.9716028571128845,-454.5445556640625,21.77426528930664,84.69587707519531,1.4479944705963135
heightfield_scatter2,0.0,0.0,0.0,1.0,-452.1420593261719,21.568498611450195,74.21237182617188,1.4269375801086426
heightfield_scatter2,0.13709113001823425,0.8492940664291382,-0.2687608599662781,0.4332127273082733,412.18121337890625,22.12453269958496,-38.84345245361328,1.4639846086502075
heightfield_scatter2,0.1855096071958542,-0.6705825328826904,0.17882519960403442,0.6956484913825989,409.5544128417969,21.944744110107422,-27.130216598510742,1.3201088905334473
heightfield_scatter2,0.09118997305631638,0.8727378249168396,-0.17884068191051483,0.44500458240509033,-451.067138671875,21.88747215270996,-191.6710968017578,0.888171911239624
heightfield_scatter2,0.2578586935997009,-0.6629923582077026,0.2621712386608124,0.6520861387252808,412.032958984375,22.47227668762207,-9.37908935546875,0.9036356210708618
